Date,Value,Anomaly
189501,2.6,2.48
189502,2.85,2.69
189503,-0.32,-0.49
189504,-0.62,-0.8
189505,0.55,0.37
189506,0.78,0.57
189507,-0.44,-0.79
189508,-0.56,-0.79
189509,-0.9,-1.05
189510,-0.86,-0.94
189511,1.73,1.67
189512,-0.3,-0.32
189601,-0.66,-0.78
189602,-1.02,-1.18
189603,-1.2,-1.37
189604,-1.14,-1.32
189605,-1.49,-1.67
189606,-1.88,-2.09
189607,0.74,0.39
189608,0.72,0.49
189609,0.93,0.78
189610,1.73,1.65
189611,1.25,1.19
189612,0.66,0.64
189701,1.57,1.45
189702,1.8,1.64
189703,1.75,1.58
189704,-0.25,-0.43
189705,-0.03,-0.21
189706,-0.11,-0.32
189707,-0.65,-1
189708,-1.46,-1.69
189709,0.83,0.68
189710,1.15,1.07
189711,-0.57,-0.63
189712,-0.74,-0.76
189801,-0.26,-0.38
189802,-0.84,-1
189803,-1.01,-1.18
189804,-1.2,-1.38
189805,-1.21,-1.39
189806,-1.15,-1.36
189807,-1.26,-1.61
189808,-1.26,-1.49
189809,-2.15,-2.3
189810,-2.72,-2.8
189811,-2.82,-2.88
189812,-2.34,-2.36
189901,-2.46,-2.58
189902,-2.65,-2.81
189903,-3.1,-3.27
189904,-3.51,-3.69
189905,-3.93,-4.11
189906,-3.89,-4.1
189907,-4.09,-4.44
189908,-4.08,-4.31
189909,-4.59,-4.74
189910,-4.25,-4.33
189911,-4.33,-4.39
189912,-4.64,-4.66
190001,-5.2,-5.32
190002,-5.69,-5.85
190003,-6.12,-6.29
190004,-4.43,-4.61
190005,-4.42,-4.6
190006,-5.1,-5.31
190007,-6.1,-6.45
190008,-6.16,-6.39
190009,-5.38,-5.53
190010,-4.74,-4.82
190011,-4.25,-4.31
190012,-4.6,-4.62
190101,-4.11,-4.23
190102,-3.16,-3.32
190103,-3.23,-3.4
190104,-3.18,-3.36
190105,-2.97,-3.15
190106,-3.14,-3.35
190107,-3.53,-3.88
190108,-3.92,-4.15
190109,-4.52,-4.67
190110,-4.44,-4.52
190111,-4.7,-4.76
190112,-4.96,-4.98
190201,-4.87,-4.99
190202,-5.18,-5.34
190203,-4.92,-5.09
190204,-5.21,-5.39
190205,-5.41,-5.59
190206,-6.13,-6.34
190207,-6.66,-7.01
190208,-6.47,-6.7
190209,-6.27,-6.42
190210,-6.49,-6.57
190211,-5.27,-5.33
190212,-4.71,-4.73
190301,-4.76,-4.88
190302,-4.08,-4.24
190303,-3.78,-3.95
190304,-3.45,-3.63
190305,-3.33,-3.51
190306,-2.59,-2.8
190307,-2.74,-3.09
190308,-3.34,-3.57
190309,-2.63,-2.78
190310,-3.03,-3.11
190311,-3.61,-3.67
190312,-4.05,-4.07
190401,-4.45,-4.57
190402,-4.95,-5.11
190403,-5.43,-5.6
190404,-6.03,-6.21
190405,-6.32,-6.5
190406,-6.82,-7.03
190407,-6.38,-6.73
190408,-4.87,-5.1
190409,-5.02,-5.17
190410,-4.86,-4.94
190411,-5.11,-5.17
190412,-4.87,-4.89
190501,0.86,0.74
190502,2.66,2.5
190503,3.82,3.65
190504,5.18,5
190505,5.54,5.36
190506,6.24,6.03
190507,5.94,5.59
190508,4.9,4.67
190509,5,4.85
190510,3.91,3.83
190511,5.89,5.83
190512,5.87,5.85
190601,5.76,5.64
190602,5.25,5.09
190603,5.98,5.81
190604,5.76,5.58
190605,5.79,5.61
190606,5.77,5.56
190607,6.08,5.73
190608,6.07,5.84
190609,5.45,5.3
190610,4.25,4.17
190611,4.96,4.9
190612,6.31,6.29
190701,7.05,6.93
190702,6.43,6.27
190703,5.92,5.75
190704,5.65,5.47
190705,6.14,5.96
190706,6.66,6.45
190707,6.41,6.06
190708,6.55,6.32
190709,5.55,5.4
190710,5.98,5.9
190711,5.39,5.33
190712,4.26,4.24
190801,3.68,3.56
190802,4.36,4.2
190803,3.67,3.5
190804,3.54,3.36
190805,3.52,3.34
190806,3.32,3.11
190807,3.7,3.35
190808,3.99,3.76
190809,3.4,3.25
190810,3.28,3.2
190811,2.69,2.63
190812,4.06,4.04
190901,3.89,3.77
190902,4.09,3.93
190903,3.99,3.82
190904,3.58,3.4
190905,3.55,3.37
190906,3.69,3.48
190907,4.04,3.69
190908,5.32,5.09
190909,4.88,4.73
190910,3.62,3.54
190911,3.22,3.16
190912,3.71,3.69
191001,3.76,3.64
191002,-0.3,-0.46
191003,-0.72,-0.89
191004,-0.81,-0.99
191005,-1.14,-1.32
191006,-1.19,-1.4
191007,-1.1,-1.45
191008,-1.37,-1.6
191009,-1.95,-2.1
191010,-2.06,-2.14
191011,0.45,0.39
191012,0.05,0.03
191101,0.44,0.32
191102,1.24,1.08
191103,1.35,1.18
191104,1.09,0.91
191105,0.92,0.74
191106,1.36,1.15
191107,3.06,2.71
191108,2.45,2.22
191109,3.53,3.38
191110,3.91,3.83
191111,-0.54,-0.6
191112,-0.93,-0.95
191201,-1.67,-1.79
191202,-2.43,-2.59
191203,0.84,0.67
191204,1.47,1.29
191205,1.21,1.03
191206,1.04,0.83
191207,1.75,1.4
191208,-0.29,-0.52
191209,-0.95,-1.1
191210,1.25,1.17
191211,-0.53,-0.59
191212,-0.88,-0.9
191301,-1.18,-1.3
191302,0.93,0.77
191303,-0.22,-0.39
191304,-0.48,-0.66
191305,-0.82,-1
191306,-1.02,-1.23
191307,-1,-1.35
191308,-1.36,-1.59
191309,0.23,0.08
191310,0.06,-0.02
191311,0.4,0.34
191312,0.49,0.47
191401,0.67,0.55
191402,0.66,0.5
191403,-0.54,-0.71
191404,-0.91,-1.09
191405,-1.01,-1.19
191406,0.19,-0.02
191407,2.44,2.09
191408,2.11,1.88
191409,1.3,1.15
191410,1.72,1.64
191411,0.97,0.91
191412,1.49,1.47
191501,2.25,2.13
191502,2.92,2.76
191503,2.57,2.4
191504,3.65,3.47
191505,4.2,4.02
191506,5.28,5.07
191507,6.6,6.25
191508,5.53,5.3
191509,4.72,4.57
191510,3.59,3.51
191511,3.2,3.14
191512,3.75,3.73
191601,5.59,5.47
191602,4.93,4.77
191603,4.68,4.51
191604,4.31,4.13
191605,4.37,4.19
191606,4.35,4.14
191607,4.82,4.47
191608,4.78,4.55
191609,4.26,4.11
191610,5.28,5.2
191611,4.23,4.17
191612,3.64,3.62
191701,3.96,3.84
191702,3.71,3.55
191703,2.98,2.81
191704,3.98,3.8
191705,4.56,4.38
191706,4.88,4.67
191707,5.09,4.74
191708,-0.4,-0.63
191709,-0.33,-0.48
191710,-1.07,-1.15
191711,-1.8,-1.86
191712,-2.65,-2.67
191801,-2.36,-2.48
191802,-2.33,-2.49
191803,-1.94,-2.11
191804,-2.07,-2.25
191805,-2.41,-2.59
191806,-2.25,-2.46
191807,-1.71,-2.06
191808,-1.64,-1.87
191809,-2.2,-2.35
191810,-2.2,-2.28
191811,0.52,0.46
191812,0.87,0.85
191901,0.38,0.26
191902,0.8,0.64
191903,0.89,0.72
191904,0.8,0.62
191905,1.19,1.01
191906,1.1,0.89
191907,2.95,2.6
191908,2.27,2.04
191909,2.48,2.33
191910,2.46,2.38
191911,3.31,3.25
191912,2.81,2.79
192001,2.97,2.85
192002,4.07,3.91
192003,4.1,3.93
192004,3.86,3.68
192005,4.35,4.17
192006,5.1,4.89
192007,4.72,4.37
192008,4.21,3.98
192009,3.65,3.5
192010,3.82,3.74
192011,-0.42,-0.48
192012,-0.98,-1
192101,-1.25,-1.37
192102,-1.86,-2.02
192103,-2.45,-2.62
192104,-2.54,-2.72
192105,-2.88,-3.06
192106,-3.17,-3.38
192107,1.07,0.72
192108,2.29,2.06
192109,-0.85,-1
192110,-0.75,-0.83
192111,-1.29,-1.35
192112,0.36,0.34
192201,0.71,0.59
192202,0.43,0.27
192203,0.54,0.37
192204,0.78,0.6
192205,0.95,0.77
192206,1.31,1.1
192207,1.24,0.89
192208,1.5,1.27
192209,-0.68,-0.83
192210,-1.08,-1.16
192211,0.47,0.41
192212,-0.44,-0.46
192301,-0.66,-0.78
192302,0.08,-0.08
192303,0.11,-0.06
192304,0.41,0.23
192305,0.39,0.21
192306,0.05,-0.16
192307,0.63,0.28
192308,1.62,1.39
192309,2.73,2.58
192310,2.3,2.22
192311,2.92,2.86
192312,3.64,3.62
192401,2.97,2.85
192402,2.06,1.9
192403,2.25,2.08
192404,2.36,2.18
192405,2.19,2.01
192406,2,1.79
192407,2.24,1.89
192408,-1.01,-1.24
192409,-0.77,-0.92
192410,-0.87,-0.95
192411,-1.34,-1.4
192412,-0.68,-0.7
192501,-1.18,-1.3
192502,-1.65,-1.81
192503,-1.48,-1.65
192504,-1.37,-1.55
192505,-1.94,-2.12
192506,-1.79,-2
192507,-1.73,-2.08
192508,0.29,0.06
192509,0.98,0.83
192510,1.59,1.51
192511,0.02,-0.04
192512,-0.4,-0.42
192601,-0.89,-1.01
192602,-1.38,-1.54
192603,0.29,0.12
192604,1.97,1.79
192605,2.47,2.29
192606,2.37,2.16
192607,-0.13,-0.48
192608,-1.1,-1.33
192609,-0.68,-0.83
192610,-1.17,-1.25
192611,-1.49,-1.55
192612,0.65,0.63
192701,0.1,-0.02
192702,0.9,0.74
192703,0.92,0.75
192704,0.78,0.6
192705,0.6,0.42
192706,1.42,1.21
192707,1.39,1.04
192708,1.8,1.57
192709,3.03,2.88
192710,-0.37,-0.45
192711,-0.84,-0.9
192712,-0.67,-0.69
192801,-1.25,-1.37
192802,-0.55,-0.71
192803,-0.97,-1.14
192804,-0.96,-1.14
192805,-0.75,-0.93
192806,-1.14,-1.35
192807,-1.65,-2
192808,-1.94,-2.17
192809,-2.53,-2.68
192810,-2.09,-2.17
192811,-1.59,-1.65
192812,-1.59,-1.61
192901,-1.65,-1.77
192902,-1.55,-1.71
192903,-1.73,-1.9
192904,-1.15,-1.33
192905,-1.14,-1.32
192906,-1.56,-1.77
192907,1.37,1.02
192908,1.62,1.39
192909,1.82,1.67
192910,-0.38,-0.46
192911,-0.79,-0.85
192912,-1.65,-1.67
193001,-1.29,-1.41
193002,-1.9,-2.06
193003,-1.68,-1.85
193004,-1.78,-1.96
193005,-1.75,-1.93
193006,-2.12,-2.33
193007,0.8,0.45
193008,-0.08,-0.31
193009,-0.26,-0.41
193010,-0.77,-0.85
193011,0.79,0.73
193012,-0.6,-0.62
193101,-1.02,-1.14
193102,0.61,0.45
193103,0.13,-0.04
193104,0.58,0.4
193105,0.62,0.44
193106,0.82,0.61
193107,0.99,0.64
193108,1.14,0.91
193109,1.09,0.94
193110,0.78,0.7
193111,2.19,2.13
193112,2.27,2.25
193201,2.2,2.08
193202,2.99,2.83
193203,2.44,2.27
193204,2.29,2.11
193205,2.71,2.53
193206,3.08,2.87
193207,3.37,3.02
193208,-0.07,-0.3
193209,-0.54,-0.69
193210,-0.5,-0.58
193211,-1.25,-1.31
193212,-0.92,-0.94
193301,-0.77,-0.89
193302,-0.82,-0.98
193303,-1.5,-1.67
193304,0.14,-0.04
193305,-0.12,-0.3
193306,-0.21,-0.42
193307,0.38,0.03
193308,0.08,-0.15
193309,0.17,0.02
193310,0.51,0.43
193311,0.47,0.41
193312,-0.61,-0.63
193401,-1.19,-1.31
193402,-1.59,-1.75
193403,-2.56,-2.73
193404,-2.72,-2.9
193405,-2.87,-3.05
193406,-3.48,-3.69
193407,-4.28,-4.63
193408,-3.58,-3.81
193409,-3.8,-3.95
193410,-4.25,-4.33
193411,-3.85,-3.91
193412,-3.59,-3.61
193501,0.85,0.73
193502,1.11,0.95
193503,1.28,1.11
193504,1.28,1.1
193505,1.88,1.7
193506,2.18,1.97
193507,2.05,1.7
193508,2.46,2.23
193509,2.43,2.28
193510,-0.73,-0.81
193511,-0.55,-0.61
193512,-0.65,-0.67
193601,-0.9,-1.02
193602,-0.36,-0.52
193603,-0.37,-0.54
193604,-0.79,-0.97
193605,-1.06,-1.24
193606,-1.3,-1.51
193607,-1.26,-1.61
193608,0.1,-0.13
193609,0.35,0.2
193610,-0.05,-0.13
193611,-0.4,-0.46
193612,0.55,0.53
193701,0.86,0.74
193702,1.29,1.13
193703,1.78,1.61
193704,1.44,1.26
193705,1.74,1.56
193706,2.16,1.95
193707,2.16,1.81
193708,-0.7,-0.93
193709,-0.01,-0.16
193710,-0.71,-0.79
193711,-1.41,-1.47
193712,-1.46,-1.48
193801,-1.56,-1.68
193802,0.58,0.42
193803,1.53,1.36
193804,1.19,1.01
193805,1.35,1.17
193806,1.98,1.77
193807,-0.36,-0.71
193808,-0.4,-0.63
193809,-0.75,-0.9
193810,-1.32,-1.4
193811,-1.53,-1.59
193812,-1.23,-1.25
193901,-1.04,-1.16
193902,-0.79,-0.95
193903,-0.83,-1
193904,-0.7,-0.88
193905,-1.02,-1.2
193906,-1.43,-1.64
193907,-2.21,-2.56
193908,-2.67,-2.9
193909,-1.17,-1.32
193910,-1.57,-1.65
193911,-1.46,-1.52
193912,-2.05,-2.07
194001,-2.02,-2.14
194002,-1.58,-1.74
194003,-2.08,-2.25
194004,-1.81,-1.99
194005,-2.23,-2.41
194006,-2.43,-2.64
194007,-3.13,-3.48
194008,0.13,-0.1
194009,1.77,1.62
194010,2.12,2.04
194011,2.17,2.11
194012,3.23,3.21
194101,3.69,3.57
194102,4.06,3.9
194103,4.79,4.62
194104,6.01,5.83
194105,6.63,6.45
194106,7.38,7.17
194107,7.18,6.83
194108,6.8,6.57
194109,7.2,7.05
194110,7.77,7.69
194111,7.02,6.96
194112,6.76,6.74
194201,5.88,5.76
194202,5.59,5.43
194203,4.9,4.73
194204,4.94,4.76
194205,4.53,4.35
194206,4.16,3.95
194207,-0.47,-0.82
194208,-0.78,-1.01
194209,-1.21,-1.36
194210,-0.83,-0.91
194211,-1.5,-1.56
194212,-1.31,-1.33
194301,-0.83,-0.95
194302,-1.15,-1.31
194303,-0.92,-1.09
194304,-1.16,-1.34
194305,-1.47,-1.65
194306,-1.75,-1.96
194307,-2.47,-2.82
194308,-1.8,-2.03
194309,-1.65,-1.8
194310,-1.65,-1.73
194311,-2.12,-2.18
194312,0.14,0.12
194401,-0.16,-0.28
194402,0.4,0.24
194403,0.52,0.35
194404,1.11,0.93
194405,1.54,1.36
194406,1.51,1.3
194407,-0.39,-0.74
194408,-1.26,-1.49
194409,-1.05,-1.2
194410,-1.57,-1.65
194411,0.46,0.4
194412,0.42,0.4
194501,-0.08,-0.2
194502,-0.42,-0.58
194503,0.67,0.5
194504,0.55,0.37
194505,0.38,0.2
194506,0.27,0.06
194507,0.8,0.45
194508,0.93,0.7
194509,-0.84,-0.99
194510,-0.99,-1.07
194511,-1.54,-1.6
194512,-1.23,-1.25
194601,-1.3,-1.42
194602,-1.73,-1.89
194603,-1.88,-2.05
194604,-1.69,-1.87
194605,-2.19,-2.37
194606,-2.85,-3.06
194607,0.17,-0.18
194608,0.8,0.57
194609,0.95,0.8
194610,0.82,0.74
194611,1.24,1.18
194612,-0.28,-0.3
194701,-0.74,-0.86
194702,-1.53,-1.69
194703,-2.28,-2.45
194704,-2.98,-3.16
194705,-3.08,-3.26
194706,-3.56,-3.77
194707,-4.22,-4.57
194708,1.3,1.07
194709,0.47,0.32
194710,1.19,1.11
194711,1.27,1.21
194712,1.3,1.28
194801,0.73,0.61
194802,1.14,0.98
194803,1.4,1.23
194804,-0.33,-0.51
194805,-0.44,-0.62
194806,-0.15,-0.36
194807,-0.33,-0.68
194808,-0.14,-0.37
194809,-0.54,-0.69
194810,-0.19,-0.27
194811,-0.65,-0.71
194812,0.38,0.36
194901,1.43,1.31
194902,1.42,1.26
194903,1.18,1.01
194904,0.81,0.63
194905,0.98,0.8
194906,1.76,1.55
194907,2,1.65
194908,1.47,1.24
194909,1.7,1.55
194910,1.86,1.78
194911,-0.65,-0.71
194912,-0.73,-0.75
195001,-1.06,-1.18
195002,-1.22,-1.38
195003,-1.58,-1.75
195004,-2.22,-2.4
195005,-2.71,-2.89
195006,-3.08,-3.29
195007,-2.17,-2.52
195008,-2.84,-3.07
195009,-2.78,-2.93
195010,-3.55,-3.63
195011,-3.95,-4.01
195012,-4.58,-4.6
195101,-4.32,-4.44
195102,-4.44,-4.6
195103,-4.49,-4.66
195104,-3.65,-3.83
195105,-3.63,-3.81
195106,-4.29,-4.5
195107,-4.63,-4.98
195108,0.95,0.72
195109,0.31,0.16
195110,0.45,0.37
195111,0.5,0.44
195112,1.22,1.2
195201,2.05,1.93
195202,1.78,1.62
195203,2.36,2.19
195204,3.34,3.16
195205,3.57,3.39
195206,4.44,4.23
195207,4.65,4.3
195208,4.24,4.01
195209,4.48,4.33
195210,-0.92,-1
195211,1.01,0.95
195212,0.92,0.9
195301,-0.53,-0.65
195302,-0.86,-1.02
195303,-1.04,-1.21
195304,-0.7,-0.88
195305,-0.84,-1.02
195306,-1.02,-1.23
195307,1.04,0.69
195308,1.14,0.91
195309,-1.05,-1.2
195310,-1.45,-1.53
195311,-1.59,-1.65
195312,-1.99,-2.01
195401,-2.09,-2.21
195402,-2.64,-2.8
195403,-1.66,-1.83
195404,-2.24,-2.42
195405,-2.36,-2.54
195406,-2.41,-2.62
195407,-1.72,-2.07
195408,-1.92,-2.15
195409,-1.28,-1.43
195410,-1.58,-1.66
195411,-2.17,-2.23
195412,-2.44,-2.46
195501,-2.23,-2.35
195502,-2.13,-2.29
195503,-2.62,-2.79
195504,-2.76,-2.94
195505,-3.01,-3.19
195506,-2.45,-2.66
195507,-2.07,-2.42
195508,-1,-1.23
195509,-1.91,-2.06
195510,-2.54,-2.62
195511,-2.39,-2.45
195512,-2.68,-2.7
195601,-2.48,-2.6
195602,-2.47,-2.63
195603,-3,-3.17
195604,-2.98,-3.16
195605,-3.4,-3.58
195606,-3.76,-3.97
195607,-3.48,-3.83
195608,-3.62,-3.85
195609,-4.39,-4.54
195610,-4.34,-4.42
195611,-4.37,-4.43
195612,-4.6,-4.62
195701,1.26,1.14
195702,0.67,0.51
195703,0.39,0.22
195704,0.5,0.32
195705,1.29,1.11
195706,1.51,1.3
195707,1.71,1.36
195708,2.56,2.33
195709,1.37,1.22
195710,2.4,2.32
195711,2.71,2.65
195712,2.05,2.03
195801,1.47,1.35
195802,1.46,1.3
195803,2.22,2.05
195804,2.38,2.2
195805,2.69,2.51
195806,2.89,2.68
195807,1.94,1.59
195808,1.61,1.38
195809,2.68,2.53
195810,-0.11,-0.19
195811,-0.26,-0.32
195812,-1.17,-1.19
195901,-1.84,-1.96
195902,-1.73,-1.89
195903,-2.43,-2.6
195904,-2.7,-2.88
195905,-3.34,-3.52
195906,-3.84,-4.05
195907,-4.13,-4.48
195908,-3.26,-3.49
195909,-3.74,-3.89
195910,0.96,0.88
195911,0.79,0.73
195912,1.59,1.57
196001,1.64,1.52
196002,1.73,1.57
196003,-0.39,-0.56
196004,-0.58,-0.76
196005,-0.45,-0.63
196006,-0.32,-0.53
196007,-1.26,-1.61
196008,-2.05,-2.28
196009,-2.25,-2.4
196010,-0.75,-0.83
196011,-0.94,-1
196012,-0.84,-0.86
196101,-1.08,-1.2
196102,-1.62,-1.78
196103,-0.97,-1.14
196104,-1.09,-1.27
196105,-1.38,-1.56
196106,-1.73,-1.94
196107,-1.86,-2.21
196108,0.35,0.12
196109,0.47,0.32
196110,0.65,0.57
196111,0.57,0.51
196112,0.8,0.78
196201,0.86,0.74
196202,1.12,0.96
196203,-0.01,-0.18
196204,-0.64,-0.82
196205,-0.71,-0.89
196206,-0.6,-0.81
196207,-1.3,-1.65
196208,-2.33,-2.56
196209,-1.66,-1.81
196210,-1.22,-1.3
196211,-1.1,-1.16
196212,-1.42,-1.44
196301,-1.66,-1.78
196302,-1.83,-1.99
196303,-2.04,-2.21
196304,-1.88,-2.06
196305,-2.71,-2.89
196306,-3.34,-3.55
196307,-4.2,-4.55
196308,-2.05,-2.28
196309,-1.85,-2
196310,-1.89,-1.97
196311,-1.72,-1.78
196312,-2.17,-2.19
196401,-2.52,-2.64
196402,-2.91,-3.07
196403,0.17,0
196404,0.7,0.52
196405,-0.2,-0.38
196406,-0.72,-0.93
196407,0.14,-0.21
196408,0.4,0.17
196409,0.79,0.64
196410,-0.91,-0.99
196411,0.13,0.07
196412,0.1,0.08
196501,0.43,0.31
196502,0.75,0.59
196503,0.96,0.79
196504,1.89,1.71
196505,2.8,2.62
196506,3.71,3.5
196507,4.69,4.34
196508,3.92,3.69
196509,4.21,4.06
196510,3.48,3.4
196511,3.65,3.59
196512,4.86,4.84
196601,4.37,4.25
196602,4.3,4.14
196603,-0.4,-0.57
196604,-0.64,-0.82
196605,0.1,-0.08
196606,0.22,0.01
196607,0.49,0.14
196608,-0.24,-0.47
196609,-0.33,-0.48
196610,-0.6,-0.68
196611,-0.77,-0.83
196612,-0.03,-0.05
196701,-0.41,-0.53
196702,-1.15,-1.31
196703,-1.7,-1.87
196704,-1.85,-2.03
196705,-2.01,-2.19
196706,0.01,-0.2
196707,0.55,0.2
196708,0.93,0.7
196709,1.16,1.01
196710,-0.76,-0.84
196711,-1.14,-1.2
196712,1.3,1.28
196801,-0.25,-0.37
196802,-0.63,-0.79
196803,-0.75,-0.92
196804,0.34,0.16
196805,0.27,0.09
196806,0.18,-0.03
196807,0.61,0.26
196808,0.61,0.38
196809,-0.84,-0.99
196810,-0.85,-0.93
196811,-0.83,-0.89
196812,0.04,0.02
196901,0.32,0.2
196902,0.56,0.4
196903,0.71,0.54
196904,0.29,0.11
196905,0.74,0.56
196906,0.77,0.56
196907,1.19,0.84
196908,0.92,0.69
196909,0.69,0.54
196910,1.2,1.12
196911,1.23,1.17
196912,-0.54,-0.56
197001,-1.03,-1.15
197002,-1.77,-1.93
197003,0.97,0.8
197004,1.21,1.03
197005,-0.21,-0.39
197006,-0.46,-0.67
197007,-0.51,-0.86
197008,-0.67,-0.9
197009,-0.1,-0.25
197010,-0.3,-0.38
197011,-0.6,-0.66
197012,-0.82,-0.84
197101,-1.47,-1.59
197102,-1.74,-1.9
197103,-2.33,-2.5
197104,-2.53,-2.71
197105,-2.86,-3.04
197106,-3.6,-3.81
197107,-4.11,-4.46
197108,-2.97,-3.2
197109,-2.37,-2.52
197110,-1.09,-1.17
197111,-1.1,-1.16
197112,-0.6,-0.62
197201,-1.18,-1.3
197202,-1.92,-2.08
197203,-2.98,-3.15
197204,-3.58,-3.76
197205,-4.01,-4.19
197206,-3.45,-3.66
197207,-3.85,-4.2
197208,-4,-4.23
197209,-3.97,-4.12
197210,2.94,2.86
197211,3.16,3.1
197212,3.6,3.58
197301,3.75,3.63
197302,4.53,4.37
197303,5.96,5.79
197304,5.65,5.47
197305,6.22,6.04
197306,6.99,6.78
197307,6.46,6.11
197308,-0.56,-0.79
197309,-1.21,-1.36
197310,-1.83,-1.91
197311,-1.67,-1.73
197312,-2.23,-2.25
197401,-1.42,-1.54
197402,-1.72,-1.88
197403,-2.14,-2.31
197404,-2.32,-2.5
197405,-2.95,-3.13
197406,-3.61,-3.82
197407,-3.1,-3.45
197408,-3.73,-3.96
197409,-3.76,-3.91
197410,1.18,1.1
197411,0.89,0.83
197412,0.42,0.4
197501,0.11,-0.01
197502,0.16,0
197503,0.6,0.43
197504,1.05,0.87
197505,1.26,1.08
197506,1.25,1.04
197507,1.94,1.59
197508,-0.97,-1.2
197509,-0.39,-0.54
197510,-1,-1.08
197511,-0.72,-0.78
197512,-0.76,-0.78
197601,-1.34,-1.46
197602,0.19,0.03
197603,-0.25,-0.42
197604,0.19,0.01
197605,0.67,0.49
197606,0.25,0.04
197607,1.03,0.68
197608,-0.97,-1.2
197609,-0.27,-0.42
197610,-0.52,-0.6
197611,-1.01,-1.07
197612,-1.56,-1.58
197701,-1.54,-1.66
197702,-2.04,-2.2
197703,-2.31,-2.48
197704,-2.35,-2.53
197705,-2.71,-2.89
197706,-3.19,-3.4
197707,-2.79,-3.14
197708,-2.71,-2.94
197709,-2.47,-2.62
197710,-2.47,-2.55
197711,-2.67,-2.73
197712,-3.04,-3.06
197801,0.73,0.61
197802,1.31,1.15
197803,2.1,1.93
197804,1.9,1.72
197805,2.34,2.16
197806,2.56,2.35
197807,-0.53,-0.88
197808,-1.28,-1.51
197809,-1.4,-1.55
197810,0.05,-0.03
197811,2.05,1.99
197812,3.27,3.25
197901,4.58,4.46
197902,4.63,4.47
197903,4.89,4.72
197904,4.25,4.07
197905,5.31,5.13
197906,5.94,5.73
197907,4.92,4.57
197908,4.24,4.01
197909,2.81,2.66
197910,2.37,2.29
197911,2.38,2.32
197912,2.08,2.06
198001,3.19,3.07
198002,4.6,4.44
198003,4.91,4.74
198004,4.77,4.59
198005,4.98,4.8
198006,5.4,5.19
198007,5.05,4.7
198008,-0.12,-0.35
198009,-0.2,-0.35
198010,-0.38,-0.46
198011,-1.05,-1.11
198012,-1.65,-1.67
198101,-2.2,-2.32
198102,-2.61,-2.77
198103,-1.95,-2.12
198104,-2.06,-2.24
198105,-2.07,-2.25
198106,-2.32,-2.53
198107,0.1,-0.25
198108,0.1,-0.13
198109,0.16,0.01
198110,0.43,0.35
198111,0.51,0.45
198112,-0.83,-0.85
198201,0.4,0.28
198202,0.82,0.66
198203,1.15,0.98
198204,0.94,0.76
198205,1.54,1.36
198206,1.52,1.31
198207,1.44,1.09
198208,2.28,2.05
198209,2.33,2.18
198210,1.68,1.6
198211,2.51,2.45
198212,3.02,3
198301,3.04,2.92
198302,3.06,2.9
198303,3.69,3.52
198304,3.69,3.51
198305,3.87,3.69
198306,4.34,4.13
198307,5.03,4.68
198308,4.76,4.53
198309,5.6,5.45
198310,5.07,4.99
198311,4.84,4.78
198312,4.55,4.53
198401,-0.48,-0.6
198402,-0.99,-1.15
198403,-1.15,-1.32
198404,-0.97,-1.15
198405,-1.59,-1.77
198406,-1.92,-2.13
198407,0.84,0.49
198408,1.53,1.3
198409,1.68,1.53
198410,2.09,2.01
198411,1.69,1.63
198412,2.57,2.55
198501,2.9,2.78
198502,2.78,2.62
198503,3.03,2.86
198504,3.55,3.37
198505,3.78,3.6
198506,4.08,3.87
198507,4.07,3.72
198508,2.6,2.37
198509,2.98,2.83
198510,2.94,2.86
198511,3.79,3.73
198512,-0.43,-0.45
198601,-1.24,-1.36
198602,-1.26,-1.42
198603,-1.17,-1.34
198604,-1.18,-1.36
198605,-1.45,-1.63
198606,-1.59,-1.8
198607,0.34,-0.01
198608,0.42,0.19
198609,0.72,0.57
198610,1.05,0.97
198611,1.51,1.45
198612,1.45,1.43
198701,1.55,1.43
198702,1.82,1.66
198703,1.76,1.59
198704,1.27,1.09
198705,1.61,1.43
198706,1.85,1.64
198707,1.82,1.47
198708,1.89,1.66
198709,1.12,0.97
198710,1.47,1.39
198711,2.21,2.15
198712,2.17,2.15
198801,2.12,2
198802,2.04,1.88
198803,1.22,1.05
198804,2.33,2.15
198805,2.32,2.14
198806,3.03,2.82
198807,2.49,2.14
198808,3.3,3.07
198809,-0.42,-0.57
198810,-1,-1.08
198811,-0.93,-0.99
198812,-1.24,-1.26
198901,-1.12,-1.24
198902,-1.36,-1.52
198903,-1.88,-2.05
198904,-2.91,-3.09
198905,-3.46,-3.64
198906,-4.05,-4.26
198907,-4.07,-4.42
198908,-3.83,-4.06
198909,-4.36,-4.51
198910,-4.14,-4.22
198911,-4.48,-4.54
198912,-4.65,-4.67
199001,-4.57,-4.69
199002,-4.12,-4.28
199003,-4.17,-4.34
199004,-3.85,-4.03
199005,-3.98,-4.16
199006,-4.44,-4.65
199007,0.2,-0.15
199008,-0.25,-0.48
199009,0.79,0.64
199010,-0.38,-0.46
199011,-0.34,-0.4
199012,-0.18,-0.2
199101,-0.16,-0.28
199102,-0.69,-0.85
199103,1.12,0.95
199104,-0.36,-0.54
199105,-0.44,-0.62
199106,-0.11,-0.32
199107,-0.56,-0.91
199108,-0.95,-1.18
199109,-0.98,-1.13
199110,-1.38,-1.46
199111,0.49,0.43
199112,1.09,1.07
199201,1.08,0.96
199202,1.17,1.01
199203,1.8,1.63
199204,1.22,1.04
199205,2.84,2.66
199206,3.32,3.11
199207,3.75,3.4
199208,4.54,4.31
199209,3.82,3.67
199210,3.49,3.41
199211,2.82,2.76
199212,3.68,3.66
199301,5.96,5.84
199302,7.11,6.95
199303,6.51,6.34
199304,5.52,5.34
199305,5.5,5.32
199306,5.3,5.09
199307,-1.05,-1.4
199308,-0.35,-0.58
199309,-0.98,-1.13
199310,0.56,0.48
199311,0.8,0.74
199312,-0.5,-0.52
199401,-1.09,-1.21
199402,-0.98,-1.14
199403,-1.15,-1.32
199404,-0.84,-1.02
199405,-0.82,-1
199406,-1.3,-1.51
199407,-2.09,-2.44
199408,-2.43,-2.66
199409,0.1,-0.05
199410,0.33,0.25
199411,0.68,0.62
199412,0.69,0.67
199501,1.5,1.38
199502,1.47,1.31
199503,1.77,1.6
199504,1.89,1.71
199505,2.39,2.21
199506,2.8,2.59
199507,-0.31,-0.66
199508,-0.46,-0.69
199509,-0.2,-0.35
199510,-1,-1.08
199511,-1.45,-1.51
199512,-1.92,-1.94
199601,-2.53,-2.65
199602,-2.92,-3.08
199603,-3.4,-3.57
199604,-4.14,-4.32
199605,-5.12,-5.3
199606,-5.77,-5.98
199607,-5.83,-6.18
199608,-6.39,-6.62
199609,-4.86,-5.01
199610,-4.4,-4.48
199611,-3.83,-3.89
199612,-4.08,-4.1
199701,-3.01,-3.13
199702,-2.81,-2.97
199703,-3.49,-3.66
199704,-2.89,-3.07
199705,-2.94,-3.12
199706,-2.91,-3.12
199707,-3.15,-3.5
199708,0.31,0.08
199709,1.06,0.91
199710,1.04,0.96
199711,0.67,0.61
199712,0.65,0.63
199801,0.13,0.01
199802,0.69,0.53
199803,1.14,0.97
199804,1.42,1.24
199805,1.59,1.41
199806,1.54,1.33
199807,2.1,1.75
199808,1.05,0.82
199809,1.16,1.01
199810,2.06,1.98
199811,1.97,1.91
199812,-0.48,-0.5
199901,-1.24,-1.36
199902,-1.97,-2.13
199903,-2.85,-3.02
199904,-2.22,-2.4
199905,-2.62,-2.8
199906,-3.07,-3.28
199907,1.12,0.77
199908,1.83,1.6
199909,2.22,2.07
199910,-0.91,-0.99
199911,-1.81,-1.87
199912,-2.41,-2.43
200001,-2.93,-3.05
200002,-3.41,-3.57
200003,-2.64,-2.81
200004,-3.16,-3.34
200005,-4.09,-4.27
200006,-4.46,-4.67
200007,-5.36,-5.71
200008,-4.95,-5.18
200009,-5.41,-5.56
200010,-3.24,-3.32
200011,-2.73,-2.79
200012,-2.99,-3.01
200101,-2.42,-2.54
200102,-2.2,-2.36
200103,-2.19,-2.36
200104,-1.8,-1.98
200105,-1.68,-1.86
200106,-1.82,-2.03
200107,-1.85,-2.2
200108,-1.66,-1.89
200109,-2.34,-2.49
200110,-2.77,-2.85
200111,-3.07,-3.13
200112,-2.97,-2.99
200201,-3.37,-3.49
200202,-3.96,-4.12
200203,-4.29,-4.46
200204,-4.96,-5.14
200205,-5.78,-5.96
200206,-6.6,-6.81
200207,-6.85,-7.2
200208,-7.43,-7.66
200209,-5.65,-5.8
200210,-5.15,-5.23
200211,-4.82,-4.88
200212,-4.43,-4.45
200301,-4.93,-5.05
200302,-4.12,-4.28
200303,-3.88,-4.05
200304,-3.73,-3.91
200305,-4.17,-4.35
200306,-4.6,-4.81
200307,-5.06,-5.41
200308,-4.99,-5.22
200309,-4.7,-4.85
200310,-4.79,-4.87
200311,-4.03,-4.09
200312,-4,-4.02
200401,-3.96,-4.08
200402,-3.61,-3.77
200403,-4.22,-4.39
200404,-3.71,-3.89
200405,-4.23,-4.41
200406,-4.58,-4.79
200407,-4.89,-5.24
200408,-4.8,-5.03
200409,0.72,0.57
200410,1.25,1.17
200411,1.93,1.87
200412,2.04,2.02
200501,3.02,2.9
200502,4.27,4.11
200503,4.02,3.85
200504,4.08,3.9
200505,4.28,4.1
200506,4.57,4.36
200507,-0.42,-0.77
200508,-0.13,-0.36
200509,-0.76,-0.91
200510,-0.81,-0.89
200511,-1.53,-1.59
200512,-2.24,-2.26
200601,-2.9,-3.02
200602,-3.76,-3.92
200603,-3.34,-3.51
200604,-3.52,-3.7
200605,-4.59,-4.77
200606,-5.29,-5.5
200607,-4.64,-4.99
200608,-4.29,-4.52
200609,-3.8,-3.95
200610,-2.88,-2.96
200611,-3.33,-3.39
200612,-3.49,-3.51
200701,-3.55,-3.67
200702,-3.72,-3.88
200703,-3.96,-4.13
200704,-4.29,-4.47
200705,-4.63,-4.81
200706,-5.33,-5.54
200707,-4.9,-5.25
200708,-4.6,-4.83
200709,-4.46,-4.61
200710,-4.7,-4.78
200711,-4.88,-4.94
200712,-3.65,-3.67
200801,-2.41,-2.53
200802,-1.58,-1.74
200803,-2.04,-2.21
200804,-2.37,-2.55
200805,-1.78,-1.96
200806,-1.48,-1.69
200807,-1.3,-1.65
200808,-1.3,-1.53
200809,-1.81,-1.96
200810,-2.13,-2.21
200811,-2.2,-2.26
200812,-1.44,-1.46
200901,-1.7,-1.82
200902,-1.81,-1.97
200903,-2.39,-2.56
200904,-2.72,-2.9
200905,-2.51,-2.69
200906,-2.67,-2.88
200907,-3.35,-3.7
200908,-4.44,-4.67
200909,-4.58,-4.73
200910,-4.65,-4.73
200911,-4.88,-4.94
200912,-4.21,-4.23
201001,-2.59,-2.71
201002,-1.92,-2.08
201003,-1.7,-1.87
201004,-1.71,-1.89
201005,-1.49,-1.67
201006,-1.23,-1.44
201007,-0.67,-1.02
201008,-0.68,-0.91
201009,-1.15,-1.3
201010,-0.63,-0.71
201011,-0.96,-1.02
201012,-0.7,-0.72
201101,-1.34,-1.46
201102,-1.25,-1.41
201103,-1.82,-1.99
201104,-2.15,-2.33
201105,-2.32,-2.5
201106,-2.92,-3.13
201107,-2.8,-3.15
201108,-3.48,-3.71
201109,-2.87,-3.02
201110,-2.68,-2.76
201111,-2.43,-2.49
201112,-2.15,-2.17
201201,-2.58,-2.7
201202,-2.86,-3.02
201203,-3.06,-3.23
201204,-3.44,-3.62
201205,-4.28,-4.46
201206,-5.03,-5.24
201207,-4.19,-4.54
201208,-3.93,-4.16
201209,-4.03,-4.18
201210,-4.31,-4.39
201211,-4.57,-4.63
201212,-4,-4.02
201301,-3.43,-3.55
201302,-3.4,-3.56
201303,-3.68,-3.85
201304,-3.88,-4.06
201305,-4.22,-4.4
201306,-4.73,-4.94
201307,-3.47,-3.82
201308,-2.54,-2.77
201309,-1.63,-1.78
201310,-1.87,-1.95
201311,-1.01,-1.07
201312,-1.3,-1.32
201401,-2.04,-2.16
201402,-2.81,-2.97
201403,-3.08,-3.25
201404,-3.43,-3.61
201405,-4.05,-4.23
201406,-4.83,-5.04
201407,-4.9,-5.25
201408,-4.04,-4.27
201409,-3.25,-3.4
201410,-3.59,-3.67
201411,-3.95,-4.01
201412,-3.46,-3.48
201501,-2.77,-2.89
201502,-2.82,-2.98
201503,-2.97,-3.14
201504,-3.01,-3.19
201505,0.48,0.3
201506,0.75,0.54
201507,1.09,0.74
201508,1.44,1.21
201509,0.97,0.82
201510,1.62,1.54
201511,1.59,1.53
201512,-0.27,-0.29
201601,-0.3,-0.42
201602,-1.02,-1.18
201603,-1.96,-2.13
201604,-2.12,-2.3
201605,-2.15,-2.33
201606,-2.73,-2.94
201607,-2.94,-3.29
201608,-2.11,-2.34
201609,-1.94,-2.09
201610,-2.43,-2.51
201611,0.06,0
201612,0.52,0.5
201701,1.37,1.25
201702,1.32,1.16
201703,-0.54,-0.71
201704,-0.88,-1.06
201705,-0.65,-0.83
201706,-0.83,-1.04
201707,-0.16,-0.51
201708,-0.76,-0.99
201709,-1.14,-1.29
201710,-1.94,-2.02
201711,-2.87,-2.93
201712,-3.59,-3.61
201801,-4.03,-4.15
201802,-4.16,-4.32
201803,-4.39,-4.56
201804,-5.21,-5.39
201805,-5.93,-6.11
201806,-6.6,-6.81
201807,-5.73,-6.08
201808,-5.53,-5.76
201809,-5.7,-5.85
201810,1.26,1.18
201811,0.72,0.66
201812,0.36,0.34
201901,0.48,0.36
201902,1.72,1.56
201903,1.73,1.56
201904,1.27,1.09
201905,2.18,2
201906,2.54,2.33
201907,-0.59,-0.94
201908,-1.84,-2.07
201909,-2.07,-2.22
201910,-2.56,-2.64
201911,-1.4,-1.46
201912,-1,-1.02
202001,-1.14,-1.26
202002,-1.11,-1.27
202003,-0.72,-0.89
202004,-0.85,-1.03
202005,-1,-1.18
202006,-1.4,-1.61
202007,-2.22,-2.57
202008,-3.71,-3.94
202009,-4.41,-4.56
202010,-4.77,-4.85
202011,-4.88,-4.94
202012,-5.06,-5.08
202101,-4.69,-4.81
202102,-4.87,-5.03
202103,-4.62,-4.79
202104,-4.78,-4.96
202105,-5.41,-5.59
202106,-5.98,-6.19
202107,-4.35,-4.7
202108,-4.69,-4.92
202109,-4.34,-4.49
202110,-3.76,-3.84
202111,-4.33,-4.39
202112,-3.64,-3.66
